name,nDCG@10,P@10
BM25,0.11068574300140696,0.06000000000000001
